City_ID,City,Country,Lat,Lng,Max Temp,Humidity,Cloudiness,Wind Speed,Current Description
0,Tuktoyaktuk,CA,69.4541,-133.0374,46.4,87,90,10.36,overcast clouds
1,Belmonte,BR,-15.8631,-38.8828,78.8,63,15,8.95,few clouds
2,Chokurdakh,RU,70.6333,147.9167,40.96,78,100,12.5,overcast clouds
3,Kruisfontein,ZA,-34.0033,24.7314,56.88,83,78,5.12,broken clouds
4,Norman Wells,CA,65.282,-126.8329,53.64,87,75,9.22,light rain
5,Albany,US,42.6001,-73.9662,82.35,46,81,9.78,broken clouds
6,Busselton,AU,-33.65,115.3333,44.1,87,0,7.4,clear sky
7,Port Alfred,ZA,-33.5906,26.891,58.37,74,78,15.52,light rain
8,Anadyr,RU,64.75,177.4833,52.3,93,40,6.71,scattered clouds
9,Cape Town,ZA,-33.9258,18.4232,54.1,71,0,1.99,clear sky
10,Carnarvon,AU,-24.8667,113.6333,57.27,39,0,10.36,clear sky
11,Sitka,US,57.0531,-135.33,57.09,82,90,3.44,overcast clouds
12,Aguimes,ES,27.9054,-15.4461,79.66,73,20,29.93,few clouds
13,Sinnamary,GF,5.3833,-52.95,83.25,74,40,9.71,scattered clouds
14,Vaini,TO,-21.2,-175.2,68.65,58,13,14.43,few clouds
15,Tupik,RU,54.4253,119.9327,52.65,83,3,4.0,clear sky
16,Bluff,NZ,-46.6,168.3333,43.81,81,97,23.64,overcast clouds
17,Jumla,NP,29.2747,82.1838,61.27,90,67,2.28,broken clouds
18,Mataura,NZ,-46.1927,168.8643,43.48,84,92,5.86,overcast clouds
19,Hambantota,LK,6.1241,81.1185,79.95,76,93,18.48,overcast clouds
20,Olga,RU,43.7444,135.2892,53.44,96,22,5.1,few clouds
21,Barrow,US,71.2906,-156.7887,44.62,87,90,19.57,light rain
22,New Norfolk,AU,-42.7826,147.0587,54.9,71,74,1.01,broken clouds
23,Soure,BR,-0.7167,-48.5233,82.04,77,23,10.98,few clouds
24,Jamestown,US,42.097,-79.2353,77.29,55,20,3.0,few clouds
25,Bograd,RU,54.2344,90.8328,55.15,94,98,3.87,overcast clouds
26,Saint-Pierre,RE,-21.3393,55.4781,71.28,76,90,20.71,light rain
27,Nouadhibou,MR,20.931,-17.0347,82.38,61,0,10.36,clear sky
28,Berlevag,NO,70.8578,29.0864,49.6,83,58,10.42,broken clouds
29,Thompson,CA,55.7435,-97.8558,71.76,64,75,6.91,broken clouds
30,Wasilla,US,61.5814,-149.4394,54.48,92,90,3.44,light rain
31,Nikolskoye,RU,59.7035,30.7861,66.09,93,95,8.75,overcast clouds
32,Avarua,CK,-21.2078,-159.775,69.85,83,40,5.75,scattered clouds
33,Conroe,US,30.3119,-95.456,94.62,63,75,0.0,broken clouds
34,Ushuaia,AR,-54.8,-68.3,38.86,70,20,0.0,few clouds
35,Caravelas,BR,-17.7125,-39.2481,76.32,58,12,7.43,few clouds
36,Pevek,RU,69.7008,170.3133,35.4,98,100,19.01,light rain
37,Kaitangata,NZ,-46.2817,169.8464,45.32,76,84,11.05,broken clouds
38,Rikitea,PF,-23.1203,-134.9692,74.48,81,85,18.34,overcast clouds
39,Moree,AU,-29.4667,149.85,48.22,81,75,5.75,broken clouds
40,Victoria,HK,22.2855,114.1577,82.96,84,100,7.47,overcast clouds
41,Hobart,AU,-42.8794,147.3294,55.26,63,90,8.01,overcast clouds
42,Tabory,RU,58.5198,64.5495,68.9,64,47,7.74,scattered clouds
43,Mahebourg,MU,-20.4081,57.7,71.89,83,75,14.97,light rain
44,Punta Arenas,CL,-53.15,-70.9167,39.31,87,90,9.22,overcast clouds
45,Butaritari,KI,3.0707,172.7902,81.68,76,52,8.3,moderate rain
46,Hermanus,ZA,-34.4187,19.2345,50.81,80,0,12.62,clear sky
47,Ismailia,EG,30.6043,32.2723,82.65,58,0,10.16,clear sky
48,Bredasdorp,ZA,-34.5322,20.0403,52.92,71,0,6.91,clear sky
49,Ippy,CF,6.2679,21.2247,70.65,94,35,1.66,scattered clouds
50,San Patricio,US,28.017,-97.5169,93.9,44,35,7.52,scattered clouds
51,Aktau,KZ,43.65,51.2,77.58,46,0,5.57,clear sky
52,Souillac,MU,-20.5167,57.5167,71.98,83,75,14.97,light rain
53,Simpang,ID,-1.2667,104.0833,74.35,98,99,3.09,overcast clouds
54,Vila Velha,BR,-20.3297,-40.2925,80.55,61,20,14.97,few clouds
55,Mar Del Plata,AR,-38.0023,-57.5575,57.22,72,20,10.36,few clouds
56,Tessalit,ML,20.1986,1.0114,105.3,7,20,14.03,few clouds
57,Lagoa,PT,39.05,-27.9833,73.47,80,20,7.09,few clouds
58,Havelock,US,34.8791,-76.9013,93.06,72,40,5.01,scattered clouds
59,Clyde River,CA,70.4692,-68.5914,41.23,93,90,9.22,fog
60,Upernavik,GL,72.7868,-56.1549,47.01,92,99,8.39,overcast clouds
61,Ancud,CL,-41.8697,-73.8203,49.42,68,100,2.37,overcast clouds
62,Kutum,SD,14.2,24.6667,69.84,78,95,13.0,overcast clouds
63,Rawson,AR,-43.3002,-65.1023,55.33,56,63,10.47,broken clouds
64,Bara,NG,10.3744,10.7288,85.78,81,98,3.11,light rain
65,Orotukan,RU,62.2667,151.7,60.55,60,59,7.54,broken clouds
66,Geraldton,AU,-28.7667,114.6,48.61,87,0,9.22,clear sky
67,Chilca,PE,-12.5211,-76.7372,66.85,78,85,9.31,overcast clouds
68,Sinnai,IT,39.3042,9.2036,90.05,61,0,6.91,clear sky
69,Arraial Do Cabo,BR,-22.9661,-42.0278,66.16,88,90,5.75,light intensity drizzle
70,Merauke,ID,-8.4667,140.3333,76.89,87,89,16.31,overcast clouds
71,Castro,BR,-24.7911,-50.0119,64.22,71,83,4.36,broken clouds
72,Vestmannaeyjar,IS,63.4427,-20.2734,57.15,74,65,24.79,broken clouds
73,Georgetown,MY,5.4112,100.3354,82.33,91,20,2.3,few clouds
74,Okha,RU,53.5739,142.9478,53.76,85,29,8.25,scattered clouds
75,Puerto Ayora,EC,-0.7393,-90.3518,76.96,74,92,9.8,overcast clouds
76,Hilo,US,19.7297,-155.09,76.62,89,75,3.44,light rain
77,Faanui,PF,-16.4833,-151.75,78.31,73,4,5.37,clear sky
78,Provideniya,RU,64.3833,-173.3,49.35,95,100,5.55,overcast clouds
79,Bambous Virieux,MU,-20.3428,57.7575,71.85,83,75,14.97,light rain
80,Garowe,SO,8.4054,48.4845,87.82,37,81,16.62,broken clouds
81,Keti Bandar,PK,24.1447,67.4497,79.99,80,100,19.44,overcast clouds
82,Hithadhoo,MV,-0.6,73.0833,82.83,71,71,14.12,broken clouds
83,Lompoc,US,34.6391,-120.4579,84.22,87,40,0.0,scattered clouds
84,Saint-Georges,GD,12.0564,-61.7485,83.88,84,75,2.3,broken clouds
85,Hobyo,SO,5.3505,48.5268,77.41,83,37,27.11,scattered clouds
86,Consolacion Del Sur,CU,22.5047,-83.5136,89.65,58,31,2.68,scattered clouds
87,Severo-Kurilsk,RU,50.6789,156.125,52.25,88,12,8.5,few clouds
88,Tasiilaq,GL,65.6145,-37.6368,43.2,81,31,14.85,scattered clouds
89,Yellowknife,CA,62.456,-114.3525,61.32,94,75,11.5,broken clouds
90,Grindavik,IS,63.8424,-22.4338,57.15,82,75,16.11,broken clouds
91,Qaanaaq,GL,77.484,-69.3632,40.5,97,100,5.55,light rain
92,Kapaa,US,22.0752,-159.319,79.12,74,75,1.99,light rain
93,Kushima,JP,31.4583,131.2333,79.43,94,100,12.24,heavy intensity rain
94,Rongcheng,CN,30.634,117.8517,72.7,99,100,1.39,light rain
95,Saint George,US,37.1041,-113.5841,99.54,32,1,1.01,clear sky
96,Bago,MM,17.3367,96.4797,80.73,89,100,4.99,moderate rain
97,Akyab,MM,20.15,92.9,81.21,87,100,8.97,overcast clouds
98,Trairi,BR,-3.2778,-39.2689,84.7,55,11,14.65,few clouds
99,Kodiak,US,57.79,-152.4072,54.91,54,40,10.36,scattered clouds
100,Faya,SA,18.3851,42.4509,81.12,34,58,7.67,broken clouds
101,Dunedin,NZ,-45.8742,170.5036,46.69,66,51,11.03,broken clouds
102,Torbay,CA,47.6666,-52.7314,78.89,85,75,5.75,light rain
103,Kubrat,BG,43.8,26.5,73.17,32,0,7.87,clear sky
104,Ocho Rios,JM,18.4025,-77.1048,89.35,71,48,12.28,scattered clouds
105,Bonavista,CA,48.6499,-53.1147,80.6,92,91,9.24,overcast clouds
106,Santona,ES,43.4439,-3.4576,73.71,85,73,6.71,broken clouds
107,Kenai,US,60.5544,-151.2583,57.02,82,90,0.0,light rain
108,Ponta Do Sol,PT,32.6667,-17.1,82.71,73,91,2.01,overcast clouds
109,Charters Towers,AU,-20.1,146.2667,63.84,77,100,8.1,overcast clouds
110,Inverness,GB,57.4791,-4.224,64.8,71,40,1.99,scattered clouds
111,East London,ZA,-33.0153,27.9116,58.14,77,0,6.91,clear sky
112,Airai,TL,-8.9266,125.4092,54.75,76,5,3.51,clear sky
113,Broome,US,42.2506,-75.833,76.8,63,88,1.01,overcast clouds
114,Nelson Bay,AU,-32.7167,152.15,53.69,95,1,6.24,clear sky
115,Shaunavon,CA,49.6501,-108.4181,83.98,18,0,11.27,clear sky
116,Narsaq,GL,60.9167,-46.05,51.49,81,100,1.52,light rain
117,Utica,US,43.1009,-75.2327,78.78,68,70,3.0,broken clouds
118,Carutapera,BR,-1.195,-46.02,83.37,69,51,9.13,broken clouds
119,Hami,CN,42.8,93.45,89.8,19,55,8.61,broken clouds
120,Kandrian,PG,-6.2167,149.55,77.36,90,74,6.87,broken clouds
121,Cidreira,BR,-30.1811,-50.2056,61.83,85,54,17.11,broken clouds
122,Bardiyah,LY,31.7561,25.0865,80.6,67,0,11.36,clear sky
123,Cherdyn,RU,60.403,56.4787,58.98,79,80,6.42,broken clouds
124,Atuona,PF,-9.8,-139.0333,78.08,80,39,18.1,scattered clouds
125,Coquimbo,CL,-29.9533,-71.3436,56.93,67,20,11.5,few clouds
126,Viedma,AR,-40.8135,-62.9967,66.92,20,0,6.55,clear sky
127,Cabo San Lucas,MX,22.8909,-109.9124,95.61,62,20,0.0,few clouds
128,Esperance,AU,-33.8667,121.9,49.84,72,45,7.54,scattered clouds
129,Hofn,IS,64.2539,-15.2082,52.84,90,100,12.57,overcast clouds
130,Axim,GH,4.8699,-2.2405,77.18,76,6,9.28,clear sky
131,Khatanga,RU,71.9667,102.5,52.45,65,100,4.07,overcast clouds
132,Havoysund,NO,70.9963,24.6622,49.08,87,95,6.76,overcast clouds
133,El Espinal,MX,16.3333,-94.0667,87.13,54,14,6.67,few clouds
134,Alofi,NU,-19.0595,-169.9187,66.09,94,15,4.61,few clouds
135,Vannes,FR,47.8333,-2.5,81.86,40,0,9.24,clear sky
136,Kawalu,ID,-7.3817,108.2082,70.86,98,62,0.67,broken clouds
137,Talnakh,RU,69.4865,88.3972,52.48,85,100,6.93,overcast clouds
138,Saint-Philippe,RE,-21.3585,55.7679,71.19,85,70,17.63,light rain
139,Saskylakh,RU,71.9167,114.0833,51.53,62,100,4.9,overcast clouds
140,Shache,CN,38.4167,77.2406,74.28,30,100,6.29,overcast clouds
141,Camacha,PT,33.0833,-16.3333,72.36,78,20,13.8,few clouds
142,Kailua,US,21.4022,-157.7394,78.78,68,20,10.36,few clouds
143,Manggar,ID,-2.8833,108.2667,80.15,84,98,12.06,overcast clouds
144,Wanlaweyn,SO,2.6185,44.8938,76.15,79,96,19.89,overcast clouds
145,Katsuura,JP,35.1333,140.3,69.91,92,100,20.49,light rain
146,Vardo,NO,70.3705,31.1107,49.64,84,97,2.98,overcast clouds
147,Codrington,AU,-38.2667,141.9667,46.92,89,2,14.81,clear sky
148,Murgab,TM,37.4966,61.9714,78.67,38,0,6.91,clear sky
149,Hasaki,JP,35.7333,140.8333,68.4,95,100,3.91,overcast clouds
150,Valparaiso,CL,-33.0393,-71.6273,58.64,62,40,6.91,haze
151,Leh,IN,34.1667,77.5833,59.52,44,58,6.31,broken clouds
152,Chuy,UY,-33.6971,-53.4616,57.11,92,100,6.46,overcast clouds
153,Lebu,CL,-37.6167,-73.65,52.23,71,98,6.64,overcast clouds
154,Yabrud,SY,33.9674,36.6574,76.66,46,0,4.38,clear sky
155,Mbale,UG,1.0821,34.175,63.45,93,95,4.45,light rain
156,San Cristobal,VE,7.7669,-72.225,74.68,79,96,5.55,overcast clouds
157,Ust-Kishert,RU,57.3654,57.2495,63.36,74,89,5.97,overcast clouds
158,Kholmogory,RU,64.2229,41.656,55.51,93,37,2.53,scattered clouds
159,Ribeira Grande,PT,38.5167,-28.7,79.2,69,20,14.97,few clouds
160,Rocha,UY,-34.4833,-54.3333,56.52,87,100,6.85,overcast clouds
161,Olinda,BR,-8.0089,-34.8553,76.73,69,40,18.41,scattered clouds
162,Leningradskiy,RU,69.3833,178.4167,41.2,87,87,21.47,light rain
163,Agadir,MA,30.4202,-9.5982,97.29,25,20,7.29,few clouds
164,Ordzhonikidze,KZ,52.4411,61.7408,68.94,33,31,5.99,scattered clouds
165,Bathsheba,BB,13.2167,-59.5167,81.21,83,40,6.91,scattered clouds
166,Ilulissat,GL,69.2167,-51.1,46.51,94,100,5.5,light rain
167,Tucuman,AR,-26.8241,-65.2226,66.2,27,56,6.91,broken clouds
168,Bilma,NE,18.6853,12.9164,100.42,13,43,5.1,scattered clouds
169,Murray Bridge,AU,-35.1167,139.2667,53.56,61,24,5.86,few clouds
170,Caconda,AO,-13.7333,15.0667,68.27,16,7,3.89,clear sky
171,Avera,US,33.194,-82.5271,94.71,45,89,5.99,overcast clouds
172,Resistencia,AR,-27.4606,-58.9839,74.08,48,20,5.75,few clouds
173,Carauari,BR,-4.8828,-66.8958,93.09,34,97,3.02,overcast clouds
174,Labrea,BR,-7.2586,-64.7981,97.0,24,90,1.81,overcast clouds
175,Ponta Delgada,PT,37.7333,-25.6667,75.92,83,75,11.5,broken clouds
176,Port Moresby,PG,-9.4431,147.1797,76.42,83,20,4.61,few clouds
177,Tezu,IN,27.9167,96.1667,75.38,99,100,2.53,overcast clouds
178,Hermiston,US,45.8404,-119.2895,94.1,37,90,4.61,haze
179,Vallenar,CL,-28.5708,-70.7581,75.97,18,24,6.71,few clouds
180,Naze,JP,28.3667,129.4833,78.21,88,100,14.38,overcast clouds
181,Acapulco,MX,16.8634,-99.8901,86.43,63,51,4.99,broken clouds
182,Krasnoselkup,RU,65.7,82.4667,57.27,85,100,10.27,overcast clouds
183,Borogontsy,RU,62.6683,131.1683,62.28,64,41,2.08,scattered clouds
184,Kloulklubed,PW,7.0419,134.2556,83.28,74,43,7.25,moderate rain
185,The Valley,AI,18.217,-63.0578,89.46,70,20,18.41,few clouds
186,Beyneu,KZ,45.3167,55.2,79.92,20,0,13.56,clear sky
187,Banda Aceh,ID,5.5577,95.3222,77.45,86,100,15.82,overcast clouds
188,Dikson,RU,73.5069,80.5464,46.92,99,100,5.95,overcast clouds
189,Mount Isa,AU,-20.7333,139.5,67.77,34,0,6.91,clear sky
190,Huarmey,PE,-10.0681,-78.1522,69.06,69,33,11.83,scattered clouds
191,Puerto Baquerizo Moreno,EC,-0.9,-89.6,70.79,83,90,10.36,overcast clouds
192,Nuevo Progreso,MX,23.1667,-97.95,94.59,47,24,8.41,few clouds
193,Guangshui,CN,31.6199,113.9978,68.38,90,47,5.14,scattered clouds
194,Saryozek,KZ,44.3583,77.9753,60.57,57,72,1.5,broken clouds
195,Cap-Aux-Meules,CA,47.3821,-61.8597,80.65,78,1,9.22,clear sky
196,Kassala,SD,15.451,36.4,74.86,73,78,22.01,broken clouds
197,Nome,US,64.5011,-165.4064,48.27,87,90,17.27,light rain
198,Yunyang,CN,33.4474,112.7142,69.35,86,1,3.4,clear sky
199,Elliot Lake,CA,46.3834,-82.6331,66.29,44,25,8.25,scattered clouds
200,Raudeberg,NO,61.9875,5.1352,59.2,84,100,2.71,overcast clouds
201,Luderitz,NA,-26.6481,15.1594,62.56,40,0,16.35,clear sky
202,Porto Walter,BR,-8.2686,-72.7439,96.06,27,100,2.8,overcast clouds
203,Sao Filipe,CV,14.8961,-24.4956,75.54,78,84,8.3,broken clouds
204,Alakurtti,RU,66.9672,30.3491,59.63,71,79,4.25,broken clouds
205,Aykhal,RU,66.0,111.5,47.03,92,100,7.11,overcast clouds
206,Rio Grande,BR,-32.035,-52.0986,64.51,83,98,9.33,overcast clouds
207,Marawi,PH,7.9986,124.2928,64.65,92,96,2.77,overcast clouds
208,Pisco,PE,-13.7,-76.2167,62.65,82,90,6.91,mist
209,Kurtalan,TR,37.9272,41.7028,84.42,25,0,4.59,clear sky
210,Oil City,US,41.4339,-79.7064,79.14,50,1,3.0,clear sky
211,Port Elizabeth,ZA,-33.918,25.5701,59.29,77,40,11.5,scattered clouds
212,San Jose,US,37.3394,-121.895,87.53,56,20,0.0,few clouds
213,Ukiah,US,39.1502,-123.2078,97.43,34,1,4.61,haze
214,Sherbakul,RU,54.6316,72.3963,62.28,70,100,5.84,overcast clouds
215,Ishinomaki,JP,38.4167,141.3,67.5,94,100,14.12,moderate rain
216,Caucaia,BR,-3.7361,-38.6531,87.75,69,20,16.11,few clouds
217,Flinders,AU,-34.5833,150.8552,52.81,84,10,1.01,clear sky
218,Parrita,CR,9.5201,-84.3225,91.17,72,100,5.44,overcast clouds
219,Husavik,IS,66.0449,-17.3389,53.51,81,87,7.67,overcast clouds
220,Cortland,US,42.6001,-76.083,77.14,55,40,9.22,scattered clouds
221,San Andres,CO,12.5847,-81.7006,82.67,75,71,16.67,broken clouds
222,North Bend,US,43.4065,-124.2243,71.92,82,75,9.22,haze
223,Ostrovnoy,RU,68.0531,39.5131,46.53,90,58,6.62,broken clouds
224,Nokaneng,BW,-19.6667,22.2667,69.85,26,79,7.96,broken clouds
225,Wellsford,NZ,-36.2833,174.5167,51.57,73,22,3.96,few clouds
226,Hamilton,US,39.1834,-84.5333,84.25,62,90,1.99,overcast clouds
227,Semey,KZ,50.4111,80.2275,57.7,71,93,6.13,overcast clouds
228,Samarai,PG,-10.6167,150.6667,77.85,86,73,17.58,broken clouds
229,Barra Do Garcas,BR,-15.89,-52.2567,95.58,36,0,5.75,clear sky
230,Bacolod,PH,10.6667,122.95,77.86,83,40,0.89,scattered clouds
231,Dabakala,CI,8.3667,-4.4333,78.28,79,91,3.6,overcast clouds
232,Mount Barker,AU,-35.0667,138.8667,50.11,73,0,5.57,clear sky
233,Kirovskiy,RU,45.0917,133.5136,56.14,88,33,4.05,light rain
234,Huanuco,PE,-9.9329,-76.2415,77.14,43,54,9.98,broken clouds
235,Kota Kinabalu,MY,5.9749,116.0724,78.78,89,20,6.91,few clouds
236,Bethel,US,41.3712,-73.414,87.93,69,20,5.75,few clouds
237,Harper,LR,4.375,-7.7169,78.01,66,50,7.14,scattered clouds
238,Dingle,PH,10.9995,122.6711,75.81,90,40,3.36,scattered clouds
239,Surt,LY,31.2089,16.5887,82.98,71,0,13.85,clear sky
240,Vostok,RU,46.4856,135.8833,54.55,84,80,2.93,broken clouds
241,Tokur,RU,53.1333,132.9,50.72,91,17,1.77,few clouds
242,Lorengau,PG,-2.0226,147.2712,81.19,80,52,10.04,broken clouds
243,Constitucion,CL,-35.3333,-72.4167,56.05,65,98,5.35,overcast clouds
244,Dandong,CN,40.1292,124.3947,65.41,91,4,3.42,clear sky
245,Sao Raimundo Nonato,BR,-9.0153,-42.6994,91.71,20,0,7.56,clear sky
246,Mattru,SL,7.6244,-11.8332,76.8,77,97,5.44,overcast clouds
247,Bar Harbor,US,44.3876,-68.2039,91.94,74,1,1.99,clear sky
248,Hualmay,PE,-11.0964,-77.6139,67.03,70,62,11.14,broken clouds
249,Shellbrook,CA,53.2168,-106.4011,78.03,13,16,16.82,few clouds
250,Ulaangom,MN,49.9811,92.0667,67.84,48,100,4.74,overcast clouds
251,Basco,PH,20.4487,121.9702,84.13,68,2,3.53,clear sky
252,Roma,US,43.2128,-75.4557,78.94,58,20,1.99,few clouds
253,Eschwege,DE,51.1833,10.0667,79.95,66,8,5.08,clear sky
254,San Diego De La Union,MX,21.4667,-100.8667,73.09,46,68,11.56,broken clouds
255,Sola,VU,-13.8833,167.55,77.13,80,93,27.92,overcast clouds
256,Farafangana,MG,-22.8167,47.8333,64.94,77,100,12.3,light rain
257,Banjarmasin,ID,-3.3244,114.591,75.34,95,100,3.67,overcast clouds
258,Tiksi,RU,71.6872,128.8694,43.61,75,96,7.83,overcast clouds
259,Juazeiro,BR,-9.4117,-40.4986,86.18,32,20,9.22,few clouds
260,Bobrovka,RU,54.047,61.7455,66.94,37,6,4.65,clear sky
261,Great Bend,US,38.3645,-98.7648,84.88,65,75,1.99,broken clouds
262,Ullal,IN,12.8,74.85,76.15,100,75,0.0,mist
263,La Ronge,CA,55.1001,-105.2842,75.45,57,75,4.61,broken clouds
264,Olafsvik,IS,64.8945,-23.7142,54.77,78,42,12.39,scattered clouds
265,Salalah,OM,17.0151,54.0924,75.79,94,100,6.13,overcast clouds
266,Zhigansk,RU,66.7697,123.3711,47.82,75,100,11.45,overcast clouds
267,Sobolevo,RU,54.4299,31.8996,67.82,62,92,7.43,overcast clouds
268,Maarianhamina,AX,60.0973,19.9348,64.26,72,0,17.27,clear sky
269,Nanortalik,GL,60.1432,-45.2371,49.57,92,100,7.52,light rain
270,Cururupu,BR,-1.8283,-44.8683,83.34,72,28,5.39,scattered clouds
271,Conakry,GN,9.538,-13.6773,78.87,89,75,16.11,heavy intensity rain
272,La Rioja,ES,42.25,-2.5,91.18,26,69,3.8,broken clouds
273,Mantua,IT,45.1667,10.7833,96.71,57,0,7.54,clear sky
274,Mogok,MM,22.9167,96.5,66.33,94,100,2.91,overcast clouds
275,Haines Junction,CA,60.7522,-137.5108,55.35,76,100,1.14,overcast clouds
276,Saint-Leu,RE,-21.15,55.2833,70.66,83,46,17.65,light rain
277,Nalut,LY,30.3333,10.85,92.93,17,8,9.46,clear sky
278,Buala,SB,-8.145,159.5921,80.46,81,94,9.24,overcast clouds
279,Zeya,RU,53.75,127.2667,56.95,79,1,2.35,clear sky
280,Veraval,IN,20.9,70.3667,80.44,81,100,16.67,overcast clouds
281,Neryungri,RU,56.6709,124.6491,54.14,81,10,4.65,clear sky
282,Lavrentiya,RU,65.5833,-171.0,46.65,93,99,6.04,overcast clouds
283,Vila Franca Do Campo,PT,37.7167,-25.4333,75.61,76,11,13.24,few clouds
284,Dakar,SN,14.6937,-17.4441,88.68,70,20,9.22,few clouds
285,Tuatapere,NZ,-46.1333,167.6833,43.83,90,87,5.5,overcast clouds
286,Ambikapur,IN,23.1167,83.2,79.34,75,100,3.22,overcast clouds
287,Nabire,ID,-3.3667,135.4833,74.28,92,70,3.56,moderate rain
288,Saint-Augustin,CA,51.226,-58.6502,74.28,70,66,8.28,broken clouds
289,Brae,GB,60.3964,-1.353,58.91,84,19,10.92,few clouds
290,Prince Rupert,CA,54.3161,-130.3201,59.09,94,90,2.3,overcast clouds
291,Ardmore,US,34.1743,-97.1436,75.52,90,90,1.99,light rain
292,Sarakhs,IR,36.5449,61.1577,84.34,20,0,6.91,clear sky
293,Sunrise Manor,US,36.2111,-115.0731,99.45,34,20,5.75,few clouds
294,Tual,ID,-5.6667,132.75,79.68,84,75,18.48,broken clouds
295,Noginsk,RU,55.8665,38.4438,71.37,63,78,2.77,broken clouds
296,Penzance,GB,50.1186,-5.5371,67.21,94,20,13.8,few clouds
297,Guerrero Negro,MX,27.9769,-114.0611,81.37,58,15,14.56,few clouds
298,Marsa Matruh,EG,31.3525,27.2453,80.8,78,40,12.66,scattered clouds
299,Mpongwe,ZM,-13.5091,28.155,69.55,35,0,9.73,clear sky
300,Shahi,IN,28.55,79.3167,85.17,64,40,6.17,scattered clouds
301,Oranjestad,AW,12.524,-70.027,87.75,62,20,12.66,few clouds
302,Cockburn Town,TC,21.4612,-71.1419,85.96,70,40,11.5,scattered clouds
303,Mehamn,NO,71.0357,27.8492,48.38,86,86,10.92,overcast clouds
304,Kavieng,PG,-2.5744,150.7967,82.35,77,36,14.81,light rain
305,Staroaleyskoye,RU,51.0061,82.0,52.97,93,96,4.25,overcast clouds
306,Iracoubo,GF,5.4802,-53.2011,82.63,76,42,10.51,scattered clouds
307,Urumqi,CN,43.801,87.6005,65.35,73,75,6.71,light intensity shower rain
308,Ixtapa,MX,20.7,-105.2,86.23,76,80,4.0,broken clouds
309,Avrille,FR,47.5,-0.5833,85.71,49,0,3.83,clear sky
310,Taltal,CL,-25.4,-70.4833,61.97,64,7,7.09,clear sky
311,Ouesso,CG,1.6136,16.0517,78.6,70,96,1.77,overcast clouds
312,Daru,PG,-9.0763,143.2092,76.5,90,99,19.04,overcast clouds
313,Salinas,US,36.6777,-121.6555,84.04,68,40,4.61,scattered clouds
314,Shenjiamen,CN,29.9576,122.298,75.97,92,100,1.81,light rain
315,Denizli,TR,37.8402,29.0698,79.05,30,0,7.83,clear sky
316,Narrabri,AU,-30.3167,149.7833,37.49,81,0,0.0,clear sky
317,Bengkulu,ID,-3.8004,102.2655,75.58,90,97,5.28,overcast clouds
318,Mackenzie,CA,55.2999,-123.1698,66.42,68,75,11.5,broken clouds
319,Leshukonskoye,RU,64.8989,45.7622,54.57,87,100,6.51,overcast clouds
320,Cairns,AU,-16.9167,145.7667,70.07,90,90,10.36,overcast clouds
321,Galle,LK,6.0367,80.217,79.32,84,91,14.32,overcast clouds
322,Gorahun,SL,7.4661,-11.2375,74.68,81,99,5.19,overcast clouds
323,Kaeo,NZ,-35.1,173.7833,51.33,93,61,5.86,broken clouds
324,Severnyy,RU,50.677,36.5532,71.64,46,0,4.47,clear sky
325,Adeje,ES,28.1227,-16.726,82.87,65,0,17.27,clear sky
326,Andros Town,BS,24.7,-77.7667,87.76,66,40,19.86,scattered clouds
327,Loandjili,CG,-4.7561,11.8578,73.99,87,82,11.12,broken clouds
328,Xiazhen,CN,34.8022,117.1117,68.61,90,0,5.08,light rain
329,Tabou,CI,4.423,-7.3528,77.83,68,60,8.12,broken clouds
330,Karla,EE,59.3723,24.9275,64.36,69,0,9.22,clear sky
331,Grand-Santi,GF,4.25,-54.3833,80.71,89,96,1.14,overcast clouds
332,Alboraya,ES,39.5,-0.35,86.92,58,20,8.99,few clouds
333,Ovalle,CL,-30.5983,-71.2003,70.21,34,97,4.68,overcast clouds
334,Guhagar,IN,17.4842,73.1929,78.58,82,59,4.05,broken clouds
335,Tshikapa,CD,-6.4167,20.8,84.96,37,43,2.13,scattered clouds
336,Garden City,US,42.3256,-83.331,78.21,40,3,1.99,clear sky
337,Tarusa,RU,54.7233,37.1767,63.16,63,79,4.0,broken clouds
338,Acarau,BR,-2.8856,-40.12,86.77,53,61,17.74,broken clouds
339,Manjakandriana,MG,-18.9167,47.8,55.09,92,66,9.26,broken clouds
340,Rozhdestveno,RU,53.2375,50.0597,74.39,47,79,9.86,broken clouds
341,Grand Gaube,MU,-20.0064,57.6608,72.0,75,2,1.99,clear sky
342,Wagar,SD,16.1525,36.2032,88.16,52,69,12.39,broken clouds
343,Colac,AU,-38.3333,143.5833,48.42,88,8,9.98,clear sky
344,Scarborough,GB,54.2797,-0.4044,64.53,70,81,1.99,light rain
345,Los Llanos De Aridane,ES,28.6585,-17.9182,73.15,78,20,17.27,few clouds
346,Saravan,AM,39.7196,45.6483,70.45,69,77,7.14,broken clouds
347,Mitsamiouli,KM,-11.3847,43.2844,77.88,76,1,11.59,clear sky
348,Ojinaga,MX,29.5667,-104.4167,92.57,45,1,0.0,clear sky
349,Wajima,JP,37.4,136.9,72.75,87,100,12.37,overcast clouds
350,Oktyabrskiy,RU,54.4815,53.471,70.25,57,60,12.59,broken clouds
351,Pirapora,BR,-17.345,-44.9419,89.69,22,2,2.84,clear sky
352,Longyearbyen,SJ,78.2186,15.6401,44.44,70,0,10.36,clear sky
353,Madarounfa,NE,13.3087,7.156,86.23,53,74,8.88,broken clouds
354,Anaconda,US,46.1285,-112.9423,84.94,15,3,4.27,clear sky
355,Namatanai,PG,-3.6667,152.4333,78.51,83,15,7.4,few clouds
356,Kavaratti,IN,10.5669,72.642,81.25,78,89,17.2,overcast clouds
357,Tumut,AU,-35.3,148.2167,34.79,90,29,3.44,scattered clouds
358,Margate,GB,51.3813,1.3862,75.69,59,16,1.99,few clouds
359,Walvis Bay,NA,-22.9575,14.5053,54.55,82,0,8.05,clear sky
360,Pendleton,US,45.6721,-118.7886,91.9,23,1,6.91,haze
361,Te Anau,NZ,-45.4167,167.7167,42.93,95,100,6.24,overcast clouds
362,Shakawe,BW,-18.3667,21.85,67.71,25,54,6.51,broken clouds
363,Nizamabad,IN,18.6667,78.1167,79.07,72,100,5.1,overcast clouds
364,Goderich,CA,43.7501,-81.7165,72.03,52,0,11.5,clear sky
365,Klaksvik,FO,62.2266,-6.589,52.72,94,100,13.94,overcast clouds
366,Port Blair,IN,11.6667,92.75,81.59,84,100,12.68,overcast clouds
367,Marsh Harbour,BS,26.5412,-77.0636,84.24,70,81,17.85,broken clouds
368,Mweka,CD,-4.85,21.5667,76.35,62,92,2.64,overcast clouds
369,Nadym,RU,65.5333,72.5167,68.34,62,100,16.93,overcast clouds
370,Matara,LK,5.9485,80.5353,79.0,83,97,12.5,overcast clouds
371,Srednekolymsk,RU,67.45,153.6833,45.27,93,100,7.58,light rain
372,Muroto,JP,33.2833,134.15,80.82,88,100,29.48,moderate rain
373,Igarka,RU,67.4667,86.5833,54.64,91,95,6.49,overcast clouds
374,Gori,GE,41.9842,44.1158,64.51,87,100,4.79,overcast clouds
375,Qalyub,EG,30.1792,31.2056,92.19,35,0,15.08,clear sky
376,Yeppoon,AU,-23.1333,150.7333,60.58,81,0,10.45,clear sky
377,Aklavik,CA,68.2191,-135.0107,52.63,82,20,8.05,haze
378,Cabedelo,BR,-6.9811,-34.8339,86.67,74,23,16.96,few clouds
379,Port Macquarie,AU,-31.4333,152.9167,48.16,100,22,0.0,few clouds
380,Mahon,ES,39.8885,4.2658,84.76,70,0,8.05,clear sky
381,Tommot,RU,58.9564,126.2925,61.25,77,12,3.67,few clouds
382,Yarmouth,US,41.7057,-70.2286,88.0,69,20,7.0,few clouds
383,Gurupa,BR,-1.405,-51.64,89.2,55,78,2.17,broken clouds
384,Oriximina,BR,-1.7656,-55.8661,84.38,67,97,1.66,overcast clouds
385,Damara,CF,4.9608,18.7035,72.79,92,72,2.24,light rain
386,Kolaras,IN,25.2333,77.6,77.36,82,38,7.87,scattered clouds
387,Poum,NC,-20.2333,164.0167,68.97,62,5,14.05,clear sky
388,Huzhou,CN,30.8703,120.0933,74.37,97,100,6.17,light rain
389,Deder,ET,9.3167,41.45,58.14,84,46,8.48,light rain
390,Smithers,CA,54.7804,-127.1743,61.12,88,75,11.5,broken clouds
391,Yamada,JP,39.4667,141.95,65.53,95,100,10.49,light rain
392,Paris,FR,48.8534,2.3488,84.97,43,0,1.01,clear sky
393,Chiredzi,ZW,-21.05,31.6667,63.72,59,100,3.62,overcast clouds
394,Moyale,KE,3.5167,39.0584,77.97,41,100,20.85,overcast clouds
395,Cortez,US,37.3489,-108.5859,85.69,52,69,9.71,broken clouds
396,Amuntai,ID,-2.4177,115.2494,72.61,99,100,0.98,overcast clouds
397,Amapa,BR,1.0,-52.0,85.8,61,80,4.79,broken clouds
398,San Policarpo,PH,12.1791,125.5072,76.98,84,89,6.62,overcast clouds
399,Lasa,IT,46.6166,10.7002,79.68,77,58,2.71,broken clouds
400,Beringovskiy,RU,63.05,179.3167,54.81,77,69,8.39,broken clouds
401,Pangnirtung,CA,66.1451,-65.7125,50.0,87,90,6.91,moderate rain
402,Karanpura,IN,29.1018,75.092,95.34,34,27,7.99,scattered clouds
403,Ahipara,NZ,-35.1667,173.1667,51.71,76,28,9.71,scattered clouds
404,Lisakovsk,KZ,52.5369,62.4936,67.57,35,45,6.73,scattered clouds
405,San Quintin,MX,30.4833,-115.95,77.52,63,0,14.58,clear sky
406,Kabinda,CD,-6.1333,24.4833,81.25,33,97,3.36,overcast clouds
407,Alta Floresta,BR,-9.8756,-56.0861,96.62,34,0,3.44,clear sky
408,Rock Sound,BS,24.9,-76.2,83.34,68,39,19.01,scattered clouds
409,Bhatkal,IN,13.9667,74.5667,77.7,85,100,7.07,overcast clouds
410,Denpasar,ID,-8.65,115.2167,78.46,94,75,11.5,broken clouds
411,Irece,BR,-11.3042,-41.8558,83.23,24,3,12.95,clear sky
412,Mayor Pablo Lagerenza,PY,-19.9309,-60.7718,81.01,17,14,4.14,few clouds
413,Staryy Nadym,RU,65.6118,72.6842,68.38,61,100,16.82,overcast clouds
414,Babstovo,RU,48.1167,132.4833,65.43,61,96,3.22,overcast clouds
415,Bayir,TR,37.2687,28.2167,86.52,34,0,3.65,clear sky
416,Russell,US,32.3502,-85.1999,93.06,54,1,8.05,clear sky
417,Mildura,AU,-34.2,142.15,42.76,87,90,0.0,overcast clouds
418,Sibolga,ID,1.7427,98.7792,76.08,90,100,2.55,overcast clouds
419,Gornyy,RU,55.1153,83.9059,58.5,75,99,3.6,overcast clouds
420,Havre-Saint-Pierre,CA,50.2334,-63.5986,77.36,78,1,10.36,clear sky
421,Skibbereen,IE,51.55,-9.2667,62.4,90,92,12.17,overcast clouds
422,Kashan,IR,33.9831,51.4364,94.17,13,1,13.6,clear sky
423,Gidam,IN,18.9833,81.4,74.95,92,100,3.53,overcast clouds
424,Yar-Sale,RU,66.8333,70.8333,65.86,71,100,11.5,overcast clouds
425,Chipinge,ZW,-20.1883,32.6236,53.31,94,100,3.49,light rain
426,Emerald,AU,-23.5333,148.1667,57.34,82,34,5.75,scattered clouds
427,Meulaboh,ID,4.1363,96.1285,73.71,93,100,0.83,light rain
428,Kitimat,CA,54.0524,-128.6534,66.9,87,100,4.0,light rain
429,Komsomolskiy,UZ,40.4272,71.7189,79.52,19,12,13.8,few clouds
430,Waipawa,NZ,-41.4122,175.5153,36.23,83,9,5.61,clear sky
431,Bonthe,SL,7.5264,-12.505,78.76,73,98,10.56,overcast clouds
432,Christiansburg,US,37.1298,-80.4089,91.42,56,40,1.01,scattered clouds
433,Jiangkou,CN,25.4872,119.1986,82.29,91,94,9.1,overcast clouds
434,Biak,ID,-0.9131,122.8766,74.89,87,29,8.14,scattered clouds
435,Noumea,NC,-22.2763,166.4572,55.38,70,54,9.8,broken clouds
436,Ballina,AU,-28.8667,153.5667,58.96,94,90,1.14,overcast clouds
437,Medina Del Campo,ES,41.3124,-4.9141,95.72,10,57,14.76,broken clouds
438,Sur,OM,22.5667,59.5289,88.07,57,47,10.63,scattered clouds
439,Pozo Colorado,PY,-23.4923,-58.7972,80.29,21,0,3.85,clear sky
440,Kupino,RU,54.3663,77.2981,54.86,89,44,8.19,scattered clouds
441,Porto Novo,BJ,6.4965,2.6036,82.22,77,80,9.82,broken clouds
442,Boyolangu,ID,-8.1181,111.8935,73.81,94,42,3.2,scattered clouds
443,Las Vegas,US,36.175,-115.1372,98.82,34,75,1.01,broken clouds
444,Eyl,SO,7.9803,49.8164,78.4,79,61,26.8,broken clouds
445,Qaqortoq,GL,60.7167,-46.0333,47.95,94,100,2.48,light rain
446,Tamandare,BR,-8.7597,-35.1047,78.51,74,36,9.35,scattered clouds
447,Dickinson,US,29.4608,-95.0513,93.18,65,86,1.01,overcast clouds
448,Aleksandrov Gay,RU,50.147,48.5704,81.01,18,1,10.51,clear sky
449,Wattegama,LK,6.7989,81.4808,76.57,83,99,3.76,overcast clouds
450,Kuytun,RU,54.3419,101.5036,62.17,96,99,7.61,light rain
451,Cherskiy,RU,68.75,161.3,43.88,76,82,9.86,broken clouds
452,Salamiyah,SY,35.0113,37.0532,79.16,54,0,13.89,clear sky
453,Ruidoso,US,33.3317,-105.673,60.93,94,75,16.11,mist
454,Whitehorse,CA,60.7161,-135.0538,58.1,66,90,11.5,overcast clouds
455,Cabra,ES,37.4725,-4.4421,110.64,10,16,1.01,few clouds
456,Ambon,ID,-3.6954,128.1814,78.94,89,40,4.61,scattered clouds
457,Rajkot,IN,22.3,70.7833,80.56,74,40,12.66,scattered clouds
458,Mangrol,IN,21.1167,70.1167,80.51,82,100,17.11,overcast clouds
459,Mareeba,AU,-17.0,145.4333,65.44,89,86,3.33,overcast clouds
460,Rebrikha,RU,53.0733,82.3408,54.7,89,100,2.35,overcast clouds
461,Killybegs,IE,54.6333,-8.45,56.91,80,94,3.24,overcast clouds
462,Saldanha,ZA,-33.0117,17.9442,55.45,67,0,9.57,clear sky
463,Chulym,RU,55.0997,80.9572,52.88,78,19,5.06,few clouds
464,Nuuk,GL,64.1835,-51.7216,46.72,97,96,32.26,light rain
465,Muros,ES,42.7762,-9.0603,80.83,53,0,14.18,clear sky
466,Dothan,US,31.2232,-85.3905,92.34,65,20,1.01,few clouds
467,Point Pedro,LK,9.8167,80.2333,81.61,77,100,13.82,overcast clouds
468,Inhambane,MZ,-23.865,35.3833,66.18,68,75,16.11,broken clouds
469,Nastola,FI,60.95,25.9333,64.33,70,48,8.55,scattered clouds
470,Nicoya,CR,10.1483,-85.452,87.35,67,83,3.67,broken clouds
471,Isangel,VU,-19.55,169.2667,68.09,70,56,15.01,broken clouds
472,Moron,AR,-34.6534,-58.6198,66.0,67,9,2.3,clear sky
473,Kalangala,UG,-0.3089,32.225,69.15,59,48,2.91,scattered clouds
474,Tyret Pervaya,RU,53.6703,102.3106,61.48,89,84,4.05,broken clouds
475,Iqaluit,CA,63.7506,-68.5145,42.53,87,90,11.5,light rain
476,Burns Lake,CA,54.2331,-125.7533,69.22,52,99,10.96,overcast clouds
477,Byron Bay,AU,-28.65,153.6167,59.88,93,35,6.31,scattered clouds
478,Villagarzon,CO,1.0375,-76.6267,81.86,75,94,2.93,overcast clouds
479,Santiago,CL,-33.4569,-70.6483,63.84,29,85,2.3,haze
480,Bucerias,MX,20.75,-105.3333,86.99,77,91,4.61,overcast clouds
481,Bose,IT,45.4612,8.0137,89.1,70,0,3.24,clear sky
482,Dubai,AE,25.2582,55.3047,98.53,47,0,4.61,clear sky
483,Lewistown,US,40.5992,-77.5714,82.76,73,90,3.44,overcast clouds
484,Jesus Carranza,MX,17.4333,-95.0333,84.24,75,16,6.85,few clouds
485,Kissidougou,GN,9.1848,-10.0999,67.6,99,100,3.58,moderate rain
486,Dubbo,AU,-32.25,148.6167,37.53,93,0,6.91,clear sky
487,Anloga,GH,5.7947,0.8973,79.02,80,81,13.71,broken clouds
488,Alexandria,EG,31.2156,29.9553,84.16,70,0,10.36,clear sky
489,Saint-Francois,FR,46.4154,3.9054,87.24,59,0,4.61,clear sky
490,Bukachacha,RU,52.9833,116.9167,52.99,82,6,2.44,clear sky
491,Monrovia,LR,6.3005,-10.7969,82.17,72,100,7.87,overcast clouds
492,Shenzhen,CN,22.5455,114.0683,82.35,88,100,5.06,overcast clouds
493,Lufilufi,WS,-13.8745,-171.5986,73.18,76,79,19.1,light rain
494,Burla,IN,21.5,83.8667,84.6,67,100,4.59,overcast clouds
495,Kudahuvadhoo,MV,2.6708,72.8944,82.83,73,54,17.96,broken clouds
496,Arica,CL,-18.475,-70.3042,65.75,67,75,9.22,broken clouds
497,Itarema,BR,-2.9248,-39.9167,85.98,53,67,16.55,broken clouds
498,Nola,IT,40.922,14.5329,90.57,27,1,4.25,clear sky
499,Mamallapuram,IN,12.6264,80.1722,86.05,65,100,3.42,overcast clouds
500,Henties Bay,NA,-22.116,14.2845,52.86,83,0,1.66,clear sky
501,Mayahi,NE,13.9553,7.6712,92.16,37,73,1.57,broken clouds
502,Mirabad,AF,30.4362,61.8383,91.13,14,0,30.22,clear sky
503,Flin Flon,CA,54.7682,-101.865,80.44,44,75,8.05,smoke
504,Santa Clara,CU,22.4,-79.9667,72.59,92,100,6.31,moderate rain
505,Ishikawa,JP,26.4233,127.8214,80.92,89,1,9.22,clear sky
506,Gat,IL,31.61,34.7642,84.4,100,0,8.5,clear sky
507,Belaya Gora,RU,68.5333,146.4167,43.84,81,100,6.38,overcast clouds
508,Kungurtug,RU,50.5994,97.5228,59.41,82,97,0.56,overcast clouds
509,Coahuayana,MX,18.7333,-103.6833,90.03,60,58,4.94,broken clouds
510,Sijunjung,ID,-0.6876,100.9537,72.9,100,100,1.57,overcast clouds
511,Finnsnes,NO,69.2296,17.9811,56.01,79,74,4.47,broken clouds
512,Taoudenni,ML,22.6783,-3.9836,112.57,6,39,12.62,scattered clouds
513,Omachi,JP,36.5,137.8667,64.42,100,100,1.25,heavy intensity rain
514,Clonakilty,IE,51.6231,-8.8706,61.81,88,90,13.69,overcast clouds
515,Lucapa,AO,-8.4192,20.7447,75.43,45,70,1.48,broken clouds
516,Magadan,RU,59.5667,150.8,54.88,93,96,2.84,overcast clouds
517,King City,US,36.2127,-121.126,91.17,24,7,1.77,clear sky
518,Thinadhoo,MV,0.5333,72.9333,82.31,73,61,15.59,broken clouds
519,Cascais,PT,38.6979,-9.4215,85.35,52,20,14.97,few clouds
520,Sabha,LY,27.0377,14.4283,89.04,22,0,12.35,clear sky
521,Tete,MZ,-16.1564,33.5867,80.69,41,20,14.97,few clouds
522,Wad Madani,SD,14.4012,33.5199,86.45,57,73,13.58,broken clouds
523,Riyadh,SA,24.6877,46.7219,104.14,10,73,8.9,broken clouds
524,Middelburg,ZA,-25.7751,29.4648,45.07,78,3,10.18,clear sky
525,Lokosovo,RU,61.1333,74.8167,60.12,80,5,7.14,clear sky
526,Loreto,MX,22.2667,-101.9667,74.37,39,9,10.74,clear sky
527,Hovd,MN,48.0056,91.6419,68.94,37,100,2.06,overcast clouds
528,Ucluelet,CA,48.9329,-125.5528,62.91,81,53,8.14,broken clouds
529,Huilong,CN,31.8111,121.655,79.03,92,100,9.51,light rain
530,Chimoio,MZ,-19.1164,33.4833,60.66,100,90,6.93,drizzle
531,Tazovskiy,RU,67.4667,78.7,56.89,86,100,13.78,overcast clouds
532,Hienghene,NC,-20.6833,164.9333,62.29,72,55,12.1,broken clouds
533,Mezen,RU,65.8522,44.24,52.45,93,100,8.86,overcast clouds
534,Pingzhuang,CN,42.0372,119.2889,64.54,79,100,4.14,moderate rain
535,Butembo,CD,0.15,29.2833,57.97,93,93,2.57,overcast clouds
536,Iskateley,RU,67.6803,53.1512,50.2,94,100,20.62,overcast clouds
537,Nhulunbuy,AU,-12.2333,136.7667,75.81,88,9,10.36,clear sky
538,Mandan,US,46.8267,-100.8896,93.04,26,1,5.75,clear sky
539,Kidal,ML,18.4411,1.4078,102.34,15,70,13.85,broken clouds
540,Le Port,RE,-20.9373,55.2919,71.6,80,16,7.61,light rain
541,Inuvik,CA,68.3499,-133.7218,52.66,76,75,5.75,broken clouds
542,Half Moon Bay,US,37.4636,-122.4286,85.8,74,20,5.75,few clouds
543,General Roca,AR,-39.0333,-67.5833,63.0,20,5,8.25,clear sky
544,Sulangan,PH,11.1373,123.7228,82.49,71,22,5.95,few clouds
545,Filadelfia,US,39.9523,-75.1638,93.18,56,75,7.0,broken clouds
546,Praxedis Guerrero,MX,31.3667,-106.0167,77.41,73,100,5.82,overcast clouds
547,Kigoma,TZ,-4.8769,29.6267,77.68,59,13,4.25,few clouds
548,Biltine,TD,14.5333,20.9167,85.12,55,48,9.28,scattered clouds
549,Wanning,CN,18.8003,110.3967,81.95,88,99,9.95,overcast clouds
550,Abu Zabad,SD,12.35,29.25,73.02,82,79,8.66,broken clouds
551,Khor,RU,47.8861,134.9464,59.81,84,21,1.52,few clouds
552,Kokuy,RU,52.2037,117.5529,54.73,83,4,2.17,clear sky
553,Nha Trang,VN,12.25,109.1833,82.4,89,100,3.13,overcast clouds
554,San Pedro De Ycuamandiyu,PY,-24.0917,-57.0764,82.0,34,2,3.27,clear sky
555,Tura,IN,25.5198,90.2201,73.89,98,100,5.26,overcast clouds
556,Kousseri,CM,12.0769,15.0306,76.96,88,40,6.91,thunderstorm
557,Yima,CN,34.7381,111.8839,68.14,88,6,3.51,clear sky
558,Asfi,MA,32.2994,-9.2372,76.1,72,25,9.31,scattered clouds
559,Necochea,AR,-38.5473,-58.7368,65.03,47,0,9.53,clear sky
560,Kharp,RU,66.8014,65.8081,61.66,84,89,7.14,light rain
561,Eboli,IT,40.6142,15.0579,87.93,54,1,1.21,clear sky
562,Sangar,RU,63.9242,127.4739,58.01,84,66,1.86,broken clouds
563,Fortuna,US,40.5982,-124.1573,59.34,54,48,6.98,scattered clouds
564,Zalantun,CN,48.0,122.7167,57.56,90,18,4.79,few clouds
565,Shimoda,JP,34.6667,138.95,80.71,93,100,19.82,light rain
566,Kiunga,PG,-6.1219,141.2906,73.74,100,100,1.66,overcast clouds
567,Usinsk,RU,65.9939,57.5281,53.92,94,100,23.22,overcast clouds
568,Katangli,RU,51.7102,143.2326,52.09,92,6,7.81,clear sky
569,Mongo,TD,12.1844,18.693,76.55,84,85,6.62,overcast clouds
570,Kamenka,RU,51.3223,42.7678,60.37,95,100,13.22,overcast clouds
571,Imbituba,BR,-28.24,-48.6703,64.29,95,100,7.92,light rain
572,Miri,MY,4.4148,114.0089,75.34,94,40,2.3,thunderstorm with light rain
573,Tela,HN,15.7833,-87.45,93.42,100,20,9.22,few clouds
574,Kangaatsiaq,GL,68.3065,-53.4641,45.36,95,100,25.43,moderate rain
575,Bodden Town,KY,19.2833,-81.25,87.98,74,20,5.99,few clouds
576,Praia,CV,14.9215,-23.5087,84.74,58,40,8.05,scattered clouds
577,Maceio,BR,-9.6658,-35.7353,78.24,78,75,10.36,broken clouds
578,Timizart,DZ,36.8,4.2667,93.81,24,2,6.6,clear sky
579,Port Hardy,CA,50.6996,-127.4199,64.58,77,75,9.22,broken clouds
580,Gayny,RU,60.3071,54.3241,60.33,75,93,8.05,overcast clouds
581,Sao Joao Da Barra,BR,-21.6403,-41.0511,75.29,78,49,7.09,scattered clouds
582,Ocampo,MX,21.65,-101.5,70.12,46,33,11.34,scattered clouds
583,Najran,SA,17.4924,44.1277,90.25,13,7,4.56,clear sky
584,Augusto Correa,BR,-1.0217,-46.635,85.06,62,45,7.58,scattered clouds
585,Frederico Westphalen,BR,-27.3592,-53.3944,62.44,66,91,2.21,overcast clouds
586,Jiangyou,CN,31.7667,104.7167,73.04,90,97,1.39,light rain
587,Luanda,AO,-8.8368,13.2343,75.2,78,0,6.91,clear sky
588,George,ZA,-33.963,22.4617,51.35,82,20,6.91,few clouds
589,Allapalli,IN,19.4167,80.0667,79.66,77,98,2.42,light rain
590,Ivangorod,RU,59.3716,28.2162,60.64,93,79,7.72,broken clouds
591,Portland,US,45.5234,-122.6762,85.21,57,40,4.61,smoke
592,Ternate,ID,0.8,127.4,79.32,79,82,2.57,broken clouds
593,South Lake Tahoe,US,38.9332,-119.9844,86.77,36,10,1.01,clear sky
594,Gander,CA,48.9682,-54.5906,82.53,65,75,4.61,broken clouds
595,Aginskoye,RU,51.1,114.53,54.86,90,5,2.01,clear sky
596,Houma,US,29.5958,-90.7195,91.99,64,40,6.91,scattered clouds
597,Itaituba,BR,-4.2761,-55.9836,87.96,74,75,0.0,broken clouds
598,Kahului,US,20.8947,-156.47,76.26,85,47,11.81,scattered clouds
599,Constantine,DZ,36.365,6.6147,92.61,22,0,12.66,clear sky
600,Urengoy,RU,65.9667,78.3667,58.73,87,99,12.5,overcast clouds
601,Fonte Boa,BR,-2.4959,-66.2662,77.49,86,100,1.14,overcast clouds
602,Venustiano Carranza,MX,19.43,-99.0992,69.73,55,87,4.54,overcast clouds
603,Deputatskiy,RU,69.3,139.9,35.83,84,60,4.68,broken clouds
604,Qui Nhon,VN,13.7667,109.2333,82.08,70,100,4.97,overcast clouds
605,Yumen,CN,40.2833,97.2,78.66,22,6,18.88,clear sky
606,Padang,ID,-0.9492,100.3543,75.72,95,100,5.55,moderate rain
607,Laguna,US,38.421,-121.4238,101.64,36,40,4.99,scattered clouds
608,Rosarito,MX,32.3333,-117.0333,89.67,59,2,12.59,clear sky
609,Ugoofaaru,MV,5.6667,73.0,82.22,76,100,18.66,overcast clouds
610,Cayenne,GF,4.9333,-52.3333,87.84,74,40,5.99,scattered clouds
611,Soe,ID,-9.8607,124.284,62.65,91,15,5.06,few clouds
612,Cotonou,BJ,6.3654,2.4183,82.38,74,40,13.8,scattered clouds
613,Roald,NO,62.5833,6.1333,60.33,77,75,9.22,broken clouds
614,Yambio,SS,4.5721,28.3955,68.34,98,99,4.09,moderate rain
615,Mukhen,RU,48.1,136.1,59.0,82,12,2.01,few clouds
616,Khuzdar,PK,27.7384,66.6434,81.18,47,17,8.01,few clouds
617,Abha,SA,18.2164,42.5053,80.85,15,0,13.8,clear sky
618,Susanville,US,40.4163,-120.653,84.04,24,90,4.61,haze
619,Yulara,AU,-25.2406,130.9889,57.04,28,9,8.05,clear sky
620,Kalmunai,LK,7.4167,81.8167,81.48,81,95,1.59,light rain
621,North Myrtle Beach,US,33.816,-78.68,94.01,69,40,4.0,scattered clouds
622,Seoul,KR,37.5683,126.9778,72.91,73,0,6.91,clear sky
623,Teacapan,MX,22.55,-105.75,86.45,66,75,7.63,broken clouds
624,Qinhuangdao,CN,39.9317,119.5883,68.36,84,31,4.5,scattered clouds
625,Neuquen,AR,-38.9516,-68.0591,62.49,31,0,4.61,clear sky
626,Gushikawa,JP,26.3544,127.8686,80.19,89,1,9.22,clear sky
627,Bari,IT,41.1177,16.8512,86.88,71,0,3.0,clear sky
628,Kasempa,ZM,-13.4584,25.8338,65.66,31,0,5.03,clear sky
629,Waingapu,ID,-9.6567,120.2641,75.63,84,24,10.69,few clouds
630,Northam,GB,51.0333,-4.2167,69.42,88,66,9.06,broken clouds
631,Crewe,GB,53.0979,-2.4416,68.47,80,100,1.99,overcast clouds
632,Turka,UA,49.1541,23.0297,67.26,74,20,3.06,few clouds
633,Palu,ID,-0.8917,119.8707,73.81,94,29,3.27,scattered clouds
634,Ambalavao,MG,-21.8333,46.9333,54.14,90,58,5.75,broken clouds
635,Camana,PE,-16.6228,-72.7111,63.75,74,84,9.6,broken clouds
636,Miastko,PL,54.0028,16.9826,68.88,54,86,7.56,overcast clouds
637,Bull Savanna,JM,17.8868,-77.5902,85.08,61,32,10.33,scattered clouds
638,Maneciu,RO,45.3167,25.9833,68.25,84,1,3.2,clear sky
639,Ucar,AZ,40.519,47.6542,89.78,28,59,7.85,broken clouds
640,Golden,US,39.7555,-105.2211,90.03,40,0,1.99,clear sky
641,Palmares Do Sul,BR,-30.2578,-50.5097,65.41,73,40,13.85,scattered clouds
642,Araouane,ML,18.9048,-3.5265,106.72,11,19,16.87,few clouds
643,Garango,BF,11.8,-0.5506,79.34,74,95,2.53,overcast clouds
644,Ndola,ZM,-12.9587,28.6366,53.74,46,0,13.0,clear sky
645,Ondjiva,AO,-17.0667,15.7333,72.97,14,5,4.54,clear sky
646,Belyy Yar,RU,53.6039,91.3903,57.09,94,0,4.47,clear sky
647,Warrenton,ZA,-28.114,24.8475,47.59,88,99,12.71,moderate rain
648,Nambour,AU,-26.6333,152.95,58.1,97,21,2.55,few clouds
649,Aswan,EG,24.0934,32.907,105.1,13,0,12.66,clear sky
650,College,US,64.8569,-147.8028,52.59,85,40,5.75,scattered clouds
651,Waddan,LY,29.1614,16.139,87.19,31,0,18.45,clear sky
652,Ozernovskiy,RU,51.5,156.5167,51.55,85,5,6.42,clear sky
653,Comodoro Rivadavia,AR,-45.8667,-67.5,55.26,50,0,8.05,clear sky
654,Lata,PT,40.1629,-8.3327,92.05,35,91,6.22,overcast clouds
655,Waitati,NZ,-45.75,170.5667,45.28,64,23,7.2,few clouds
656,Pratapgarh,IN,24.0333,74.7833,74.73,79,71,6.73,broken clouds
657,Itapeva,BR,-23.9822,-48.8756,70.93,54,68,8.39,broken clouds
658,Ahuimanu,US,21.4447,-157.8378,78.85,69,20,10.36,few clouds
659,Pekan,MY,3.4836,103.3996,80.71,84,100,3.44,overcast clouds
660,Santa Marta,CO,11.2408,-74.199,88.34,69,39,7.43,scattered clouds
661,Tornio,FI,65.8481,24.1466,64.42,87,66,6.8,broken clouds
662,Cantaura,VE,9.3057,-64.3584,82.31,74,89,7.99,overcast clouds
663,Okato,NZ,-39.2,173.8833,47.43,67,74,12.03,broken clouds
664,Requena,ES,39.4883,-1.1004,78.89,30,35,8.59,scattered clouds
665,Khash,IR,28.2211,61.2158,82.47,15,11,16.84,few clouds
666,Vaitape,PF,-16.5167,-151.75,77.7,75,9,4.23,clear sky
667,Bilibino,RU,68.0546,166.4372,42.8,79,100,4.83,overcast clouds
668,Sinjar,IQ,36.3209,41.8754,89.62,20,0,11.23,clear sky
669,Laerdalsoyri,NO,61.098,7.4816,57.94,97,100,5.93,light rain
670,Merrill,US,45.1805,-89.6835,77.11,38,1,8.05,clear sky
671,San Felipe,VE,10.3399,-68.7425,88.77,51,91,7.16,overcast clouds
672,Bogorodskoye,RU,56.55,37.8833,61.05,73,89,3.67,overcast clouds
673,Dzialdowo,PL,53.2396,20.17,73.17,65,57,6.24,broken clouds
674,Sarkand,KZ,45.41,79.9186,57.15,67,34,4.74,scattered clouds
675,Kathu,TH,7.9178,98.3332,75.02,76,100,7.05,moderate rain
676,Coihueco,CL,-36.6167,-71.8333,45.34,81,75,2.3,mist
677,Mingyue,CN,43.1069,128.9217,55.78,99,30,2.95,scattered clouds
678,Jieshi,CN,22.8134,115.8257,80.65,86,100,9.89,light rain
679,Hov,NO,60.6987,10.3519,57.09,96,100,2.66,light rain
680,Sao Jose Da Coroa Grande,BR,-8.8978,-35.1478,78.19,75,37,9.57,scattered clouds
681,San Onofre,CO,9.7359,-75.5263,81.1,82,99,9.55,overcast clouds
682,High Level,CA,58.5169,-117.136,71.71,43,90,3.44,overcast clouds
683,Shingu,JP,33.7333,135.9833,81.91,91,100,15.97,overcast clouds
684,Rabo De Peixe,PT,37.8,-25.5833,74.71,83,75,11.5,broken clouds
685,Ust-Kuyga,RU,70.0167,135.6,41.58,85,76,1.57,broken clouds
686,Champerico,GT,14.3,-91.9167,91.76,74,93,7.0,overcast clouds
687,Shieli,KZ,44.1667,66.75,69.98,24,45,13.98,scattered clouds
688,Altamont,US,42.2068,-121.7372,82.78,36,71,1.01,broken clouds
689,Ust-Kulom,RU,61.6864,53.6902,59.68,77,14,7.83,few clouds
690,Tari,NG,12.4086,4.4914,82.27,71,94,5.3,overcast clouds
691,Port Lincoln,AU,-34.7333,135.8667,51.39,63,0,7.38,clear sky
692,Cap Malheureux,MU,-19.9842,57.6142,72.09,76,4,1.99,light rain
693,Gunjur,GM,13.2019,-16.7339,80.53,78,92,11.95,overcast clouds
694,Oliveira Dos Brejinhos,BR,-12.3169,-42.8961,89.51,12,0,5.84,clear sky
695,Loa Janan,ID,-0.583,117.095,72.54,98,94,1.05,overcast clouds
